1.31477,57.48736,ESSO_services_
-5.4372,50.15547,ESSO_services_
-1.94614,51.75583,ESSO_services_
-5.4372,50.15547,ESSO_services_
-3.6598,51.75803,ESSO_services_
-5.4372,50.15547,ESSO_services_
-5.26173,50.22882,"Agar Services, Agar Road, Redruth >1209215987"
-5.16571,50.27937,"Chiverton Service Area, Chiverton Cross, Truro >1872561291"
-5.0821,50.15547,"Falmouth Services, 60 Dracaena Avenue, Falmouth >1326212420"
-4.20652,51.02061,"Bideford Services, Kingsley Road, Bideford >1237425238"
-4.15984,51.10687,"Braunton Services, Exeter Road, Braunton >1271812344"
-4.15068,50.39011,"Home Park Services, 89 Outland Road, Plymouth >1752562236"
-4.13994,51.68441,"Llanelli Services, Capel Isaf Road, Llanelli >1554742754"
-4.13327,50.37197,"Exeter Street Services, 77 Exeter Street, Plymouth >1752665329"
-4.05456,51.07707,"Taw Garage Services, Barbican Road, Barnstaple >1271324806"
-3.90759,51.66233,"Morriston Services, Samlet Road, Swansea >1792701519"
-3.8511,50.71934,"Whiddon Down Services, Exeter Road, Okehampton >1647231227"
-3.814,51.65177,"Mile End Services, 188 Mile End Row, Neath >1639637651"
-3.22727,51.75673,ESSO_services_
-3.6598,50.15547,ESSO_services_
-3.60864,50.52883,"Newton Abbot Services, East Street, Newton Abbot >1626354460"
-3.54662,50.7418,"University Services, Cowley Bridge Road, Exeter >1392493698"
-3.54407,50.46949,"Abbey Services, 47 Avenue Road, Torquay >1803209021"
-3.53768,50.70732,"Alphington Services, Alphington Road, Exeter >1392498503"
-3.52171,50.39243,"Parkham Services, 78 New Road, Brixham >1803856996"
-3.47795,51.20351,"Minehead Services, Townsend Road, Minehead >1643705804"
-3.46354,50.71667,"M5 Exeter Motorway Service Area, M5 J30, Exeter >1392436266"
-3.40265,51.39296,"Four Cross Services, B4265, Llantwit Major >1446751370"
-3.37296,51.68134,"Mountain Ash Services, Cardiff Road, Mountain Ash >1443478827"
-3.34683,51.60257,"Pontypridd Services, Rhondda Road, Pontypridd >1443406378"
-3.3068,51.50853,"M4 Cardiff West Motorway Service Area, M4 J33, Pontyclun >2920891141"
-3.24188,51.52435,"Asda Coryton Services, Longwood Drive, Cardiff >2920619024"
-1.94614,51.75731,ESSO_services_
-3.22727,50.15547,ESSO_services_
-2.4555,50.6149,"Weymouth Services, Kings Street, Weymouth >1305781986"
-1.94701,50.74174,"Rossmore Services, 347 Ringwood Road, Poole >1202715643"
-2.01694,50.7754,"Windgreen Services, 2 Wareham Road, Wimborne >1202693585"
-2.01164,50.78963,"Wimbourne Services, Dorchester Road, Wimborne >1202880150"
-2.80629,50.94057,"South Petherton Services, Harp Road (A303), South Petherton >1460240319"
-2.62966,50.94425,"Yeovil Motor Company, Reckleford, Yeovil >1935410801"
-2.19211,51.01053,"Ivy Cross Services, Grosvenor Road, Shaftesbury >1747852939"
-3.12777,51.01235,"Taunton West Services, 7-15 Wellington New Road, Taunton >1823271121"
-2.57228,51.02942,"Hazel Grove Services, Camel Hill, Yeovil >1935850697"
-2.18591,51.10139,"Willoughby Hedge Services, A303, Warminster >1747830321"
-2.37698,51.20151,"Nunney Catch Services, Nunney Road, Frome >1373837202"
-2.64771,51.21001,"Wells Services, 44 Chamberlain Street, Wells >1749677998"
-2.19999,51.21785,"A36 Warminster Service Area, Bath Road, Warminster >1985215461"
-1.94614,51.75801,ESSO_services_
-3.22727,51.23792,ESSO_services_
-2.78203,51.33969,"Budgens, Bristol Road, Bristol >1934852041"
-2.36752,51.3564,"Combe Down Express, 100 Midford Road, Bath >1225849294"
-2.36384,51.37785,"Churchill Bridge Services, Lower Bristol Road, Bath >1225420951"
-2.35262,51.39207,"Walcot Services, London Road, Bath >1225310013"
-2.61513,51.44998,"Hotwells Services, Hotwells Road, Bristol >1179273431"
-2.61438,51.47012,"Blackboy Services, Whiteladies Road, Bristol >1179732674"
-3.22727,51.48484,"Red Dragon Services, Cowbridge Road East, Cardiff >2920568712"
-2.69556,51.50856,"St Andrews Services, St Andrews Road, Bristol >1179823359"
-2.15823,51.5118,"M4 Leigh Delamere Motorway Service Area Eastbound, M4 J17-18, Chippenham >1666842010"
-2.15823,51.5118,"M4 Leigh Delamere Motorway Service Area Westbound, M4 J17-18, Chippenham >1666842014"
-2.43019,51.54065,"Yatebridge Services, 10 Station Road, Bristol >1454312366"
-2.96946,51.57978,"Sinclair Services, Corporation Road, Newport >1633276712"
-2.83641,51.58844,"M4 Magor Motorway Service Area, M4 J23A, Newport >1633881887"
-0.33183,51.7574,ESSO_services_
-1.94614,50.15547,ESSO_services_
-0.7607,51.39707,ESSO_services_
-1.94614,50.15547,ESSO_services_
-1.94614,50.72928,"Highland Services, 487 Ashley Road, Poole >1202693585"
-0.98214,50.82304,"Hayling Services, Havant Road, Hayling Island >2392462887"
-1.18298,50.84473,"Gosport Road Services, Gosport Road, Fareham >1329826306"
-1.26738,50.87173,"Locksheath Services, Bridge Road, Southampton >1489588495"
-1.01701,50.89703,"Westons Services, London Road, Waterlooville >2392261956"
-1.49124,50.91761,"Totton Services, 65 Ringwood Road, Southampton >2380863349"
-1.4546,50.95448,"M27 Rownhams Motorway Service Area Eastbound, M27 J3-4, Southampton"
-1.4546,50.95448,"M27 Rownhams Motorway Service Area Westbound, M27 J3-4, Southampton"
-1.50018,51.0016,"Greatbridge Services, Greatbridge Road, Romsey >1794512492"
-0.92784,51.01026,"Ramshill Services, Ramshill, Petersfield >1730710070"
-1.31833,51.06848,"Market Services, Andover Road, Winchester >1962861827"
-0.8434,51.27734,"Glenland Services, 42 Reading Road South, Fleet >1252626815"
-0.7607,51.75606,ESSO_services_
-1.94614,51.39614,ESSO_services_
-1.17546,51.3974,"Snax 24 Thatcham, Bath Road, Reading >1189714363"
-0.9435,51.40495,"Shinfield Otr Services, Aborfield Road, Reading >1189889536"
-1.7243,51.51687,"Chisledon Camp Otr Services, Marlborough Road, Swindon >1793741685"
-0.92771,51.53048,"Regatta Services, 167 Reading Road, Henley-On-Thames >1491575054"
-1.79733,51.55469,"Kingshill Services, Kingshill Road, Swindon >1793719571"
-1.74399,51.56841,"Dorcan Way Services, Dorcan Way, Swindon >1793525449"
-1.80099,51.57008,"Rodbourne Services, 84 Rodbourne Road, Swindon >1793526639"
-0.76209,51.57935,"Landis Services, Marlow Rd, Marlow >2085304800"
-1.13387,51.60131,"Rectory Services, Station Road, Wallingford >1491834826"
-1.83657,51.63717,"Calcutt Otr Services, Cirencester Road, Swindon >1793752747"
-1.58517,51.6539,"Acorn Otr Services, Park Road, Faringdon >1367243858"
-1.30228,51.66886,"Marcham Road Services, Marcham Road, Abingdon >1235535171"
-1.26699,51.75006,"Oxpens Services, Oxpens Road, Oxford >1865200761"
-0.33183,51.75774,ESSO_services_
-0.7607,50.15547,ESSO_services_
-0.6983,50.80265,"Regis Services, 449 Chichester Road, Bognor Regis >1243870407"
-0.40559,50.82928,"Durrington Services, 182 Littlehampton Road, Worthing >1903692425"
-0.71622,50.8547,"Tangmere Services, Arundel Road, Chichester >1243539393"
-0.50606,50.96226,"Harwoods Garage (Pulborough) Ltd, London Road, Pulborough >1798877223"
-0.43259,51.04525,"Harwoods Five Oaks, Horsham Road, Billingshurst >1403787039"
-0.65048,51.17386,"Manor Weald Services, Bypass Road, Godalming >1483861693"
-0.72588,51.226,"Hogs Back Services, Hogs Back, Farnham >1252783215"
-0.57388,51.26093,"Bellfields Otr Services, Woking Road, Guildford >1483561758"
-0.75476,51.32426,"Frimley Road Services, 156 Frimley Road, Camberley >1276681863"
-0.39624,51.36813,"Moleside Services, 3-5 Esher Road, Walton-On-Thames >1932242706"
-0.43487,51.39135,"Shepperton Services, Walton Bridge Road, Shepperton >1932219745"
-0.33498,51.40666,"Palace Otr Services, Hampton Court Road, East Molesey >2084870338"
-0.6701,51.41023,"Ascot Otr Services, High Street, Ascot >1344874370"
-0.33183,51.75583,ESSO_services_
-0.7607,51.41556,ESSO_services_
-0.44747,51.44836,"Clockhouse Services, Clockhouse Lane, Ashford >1784252851"
-0.38299,51.46448,"Hounslow Services, Staines Road, Hounslow >2085773981"
-0.43173,51.49447,"Heathrow North Services, Shepiston Lane, Hayes >1895431385"
-0.42179,51.50067,"South Hayes Express, North Hyde Road, Hayes >2084377400"
-0.37756,51.50499,"Triangle Services, Merrick Road, Southall >2088439436"
-0.71267,51.50598,"Braywick Services, 11 Windsor Road, Maidenhead >1628632765"
-0.64467,51.51959,"Slough West Services, 395 Bath Road, Slough >1628665940"
-0.72974,51.5279,"Fernley Otr Services, Gringer Hill, Maidenhead >1628776371"
-0.6684,51.60002,"Holtspur Otr Services, Oxford Road, Beaconsfield >1494676147"
-0.38627,51.62684,"South Oxhey Express, Prestwick Road, Watford >2084377200"
-0.41582,51.6317,"Sandy Lodge Services, Sandy Lane, Northwood >1923823808"
-0.71108,51.65254,"Hazlemere Cross Roads Services, 331 Amersham Road, High Wycombe >1494714571"
-0.39801,51.69199,"Sheepcot Services, North Orbital Road, Watford >1923677063"
1.31477,51.75599,ESSO_services_
-0.33183,50.15547,ESSO_services_
0.01743,51.48411,ESSO_services_
-0.33183,50.15547,ESSO_services_
-0.15533,50.83792,"Hove Express, 239 Dyke Road, Hove >1273369400"
-0.09602,50.9934,"Haywards Heath Services, 104 Franklyn Road, Haywards Heath >1444411307"
-0.01604,51.12822,"Brooklands Services, 27 Station Road, East Grinstead >1342317223"
-0.17349,51.17031,"Roundabout Services, Brighton Road, Horley >1293772015"
-0.31547,51.17879,"Leith Hill Services, Horsham Road, Dorking >1306710539"
-0.32703,51.23648,"Pippbrook Services, London Road, Dorking >1306743935"
-0.20298,51.249,"Reigate Manor Services, Reigate Hill, Reigate >1737222439"
-0.1546,51.29051,"Hooley Services, Brighton Road, Coulsdon >1737550537"
-0.32993,51.30281,"Kingscroft Services, 73 Kingston Road, Leatherhead >1372374855"
-0.10493,51.34539,"Hayling Down Services, Brighton Road, Purley >2086456686"
-0.09894,51.35055,"Whitgift Services, Brighton Road, South Croydon >2087260195"
-0.0624,51.38161,"Croydon Express, 50 Shirley Road, Croydon >2082189200"
-0.28335,51.38173,"Tolworth Express, The Broadway, Surbiton >2082720500"
0.01743,51.48413,ESSO_services_
-0.33183,51.388,ESSO_services_
-0.11609,51.39715,"New Park Express, London Road, Thornton Heath >2082719700"
-0.24366,51.39874,"Kingston Autoway Otr Services, Malden Way, New Malden >2086051934"
-0.08549,51.40691,"Wharncliffe Services, South Norwood Hill, London >2086536654"
-0.19223,51.4163,"Wimbledon Express, 194 Merton Road, London >2087009600"
-0.251,51.417,"Robin Hood North Otr Services, 325 Robin Hood Way, London >2086051219"
-0.17839,51.41843,"Colliers Wood Express, High Street, London >2082719300"
-0.03571,51.46198,"Foxbeery Services, Brockley Road, London >2086949561"
-0.11297,51.46839,"Stockwell Express, 330 Brixton Road, London >2075997600"
-0.11213,51.47163,"Ingarfields Services, 243 Brixton Road, London >2073264275"
-0.18887,51.47815,"Fulham Express, Kings Road, London >2076997200"
-0.11539,51.47874,"Thames Services, 77 Clapham Road, London >2077351221"
-0.1393,51.48072,"Battersea Services, 2 Battersea Park Road, London >2077203255"
-0.12824,51.48154,"Nine Elms Services, 54 Wandsworth Road, London >2076227202"
0.01743,51.75802,ESSO_services_
-0.33183,51.48258,ESSO_services_
-0.33183,51.74845,"St Albans Services, London Road, St Albans >1727844431"
-0.31738,51.6006,"Belmont Services, Belmont Circle, Harrow >2089093164"
-0.30396,51.63768,"Elstree Hill Services, Elstree Hill South, Borehamwood >2089537006"
-0.29794,51.53593,"Alperton Services, 418 Ealing Road, Wembley >2089985428"
-0.29427,51.59651,"Queensbury Services, 300 Honeypot Lane, Stanmore >2082049852"
-0.28337,51.49151,"Chiswick Flyover Services, 1 Great West Road, Brentford >2089944179"
-0.28063,51.50824,"Acton Express, Uxbridge Road, London >2082103600"
-0.27464,51.53424,"Park Royal Services, Abbey Road, London >2089656494"
-0.25973,51.52343,"North Acton Services, Victoria Road, London >2089926058"
-0.24411,51.55361,"Dudden Hill Services, Dudden Hill Lane, London >2088308295"
-0.242,51.61546,"Observatory Services, Watford Way, London >2089595051"
-0.23507,51.48414,"Barnes Express, Castelnau, London >2082107300"
-0.22463,51.51223,"White City Services, 62 Wood Lane, London >2087409507"
0.01743,51.75799,ESSO_services_
-0.1964,51.48258,ESSO_services_
-0.18587,51.48258,"Chelsea Express, 459 Fulham Road, London >2072003400"
-0.18191,51.52838,"Maida Vale Express, 115 Sutherland Avenue, London >2078007800"
-0.17427,51.62833,"Whetstone Services, High Road, London >2084453679"
-0.16855,51.5939,"Leopold Services, High Road, London >2083653916"
-0.16684,51.64594,"New Barnet Express, East Barnet Road, Barnet >2082727300"
-0.15389,51.58043,"Wellington Services, 513 Archway Road, London >2083484776"
-0.14625,51.54224,"Chalk Farm Services, Chalk Farm Road, London >2074823894"
-0.13328,51.54537,"Camden Express, Camden Road, London >2078007400"
-0.07231,51.57616,"Stamford Hill Services, 2-6 High Road, London >2088098799"
-0.03307,51.56777,"Orient Auto Centre, Lea Bridge Road, London >2089883620"
-0.01717,51.57741,"Walthamstow Express, 394 Hoe Street, London >2082507800"
-0.00405,51.53721,"Three Mills Services, High Street, London >2085030095"
-0.00355,51.5364,"Three Mills Services, High Street, London >2085348361"
1.31477,51.75656,ESSO_services_
0.01743,50.15547,ESSO_services_
0.05016,51.45139,"Eltham Services, Eltham High Street, London >2088596030"
0.06098,51.20625,"Champion Services, Station Road, Edenbridge >1732863104"
0.11972,51.44875,"Westmount Services, 140 Blendon Road, Bexley >2083047109"
0.19809,51.43961,"Winston Services, 224 Princes Road, Dartford >1322228078"
0.19826,51.44729,"Dartford Express, Dartford Road, Dartford >1322488100"
0.22002,50.97689,"Isenhurst Services, Cross In Hand, Heathfield >1435867956"
0.23716,51.43763,"Dartford Services, 474 Princes Road, Dartford >1322290682"
0.26756,50.78527,"Kings Drive Services, Kings Drive, Eastbourne >1323416400"
0.28954,51.45032,"Greenhithe Services, London Road, Greenhithe >1322383198"
0.30635,50.80315,"Langney Services, Langney Rise, Eastbourne >1323741411"
0.34328,50.82265,"Pevensey Services, Bexhill Road, Pevensey >1323743674"
0.39944,51.40215,"Cobham Dover Road, Watling Street, Gravesend >1474327360"
0.39944,51.40215,"Cobham London Road, Watling Street, Gravesend >1474326767"
1.31477,51.45335,ESSO_services_
0.48031,50.15547,ESSO_services_
0.49119,51.39508,"Temple Farm Services, Cuxton Road, Rochester >1634719286"
0.5018,51.4022,"Frindsbury Services, 103 Frindsbury Road, Rochester >1634721214"
0.52255,51.3811,"Gibralter Services, New Road, Chatham >1634880517"
0.55355,50.88817,"Elva Services, Sedlescombe Road North, St Leonards-On-Sea >1424751086"
0.55968,51.37212,"Darland Services, Watling Street, Gillingham >1634581218"
0.5773,51.26727,"Bearsted Services, 143 Ashford Road, Maidstone >1622738639"
0.61386,51.2666,"M20 Maidstone Motorway Service Area, M20 J8, Maidstone >1622738520"
0.81738,51.18518,"Hothfield Services, Maidstone Road, Ashford >1233714637"
0.90197,51.14163,"Willesborough & Kennington Garage, 405 Hythe Road, Ashford >1233621715"
0.99572,51.28947,"Gate Services, Gate Hill, Faversham >1227750723"
1.06904,51.27241,"Wincheap Services, 196 Wincheap, Canterbury >1227472606"
1.0954,51.28848,"Lakeside Services, Sturry Road, Canterbury >1227768315"
1.29125,51.14027,"Buckland Mill Services, Crabble Hill, Dover >1304204186"
1.31477,51.75723,ESSO_services_
0.01743,51.45189,ESSO_services_
0.01743,51.50449,"Royal Docks Services, North Woolwich Road, London >2074743698"
0.01804,51.47413,"Blackheath Services, Shooters Hill Road, London >2082690589"
0.0288,51.45189,"Cliftons Services, 59 Sidcup Road, London >2088595775"
0.03188,51.52748,"Whitefields Services, Barking Road, London >2085862143"
0.05704,51.5704,"Ilford Services, Eastern Avenue, Ilford >2085542571"
0.06538,51.65458,"Church Hill Services, 111 Church Hill, Loughton >2085021417"
0.0912,51.55927,"Ilford Express, 227 Green Lane, Ilford >2082187200"
0.09371,51.48697,"Lakedale Services, Plumstead High Street, London >2088540644"
0.10326,51.56503,"Goodmayes Services, 674 High Road, Ilford >2085977352"
0.1065,51.53297,"Barking Express, Ripple Road, Barking >2084658200"
0.13723,51.45784,"Broadway Services, Broadway, Bexleyheath >2082987332"
0.15395,51.59797,"Collier Row Services, Collier Row Road, Romford >1708747644"
0.16575,51.53999,"Rainham Road Services, Rainham Road South, Dagenham >2085172301"
1.31477,51.75759,ESSO_services_
0.16744,51.45189,ESSO_services_
0.24494,51.70628,"Ongar Express, High Street, Chipping Ongar >1277307400"
0.24635,51.4859,"Meads Services, Arterial Road, Purfleet >1708981409"
0.24803,51.60374,"Harold Park Services, Colchester Road, Romford >1708377084"
0.27227,51.49229,"M25 Thurrock Motorway Service Area, M25 J30, Grays >1708865487"
0.28944,51.61646,"Brentwood Express, 6 London Road, Brentwood >1277304300"
0.31294,51.57522,"Warley Services, Southend Arterial Road, Brentwood >1277811570"
0.31923,51.481,"Chafford Services, Hogg Lane, Grays >1375392212"
0.33343,51.63175,"Hutton Mount Services, 1 Rayleigh Road, Brentwood >1277214953"
0.36842,51.48266,"St Mary Express, 11-13 Brentwood Road, Grays >1375812400"
0.46374,51.72143,"Oaklands Services, Princes Road, Chelmsford >1245494976"
0.58521,51.57839,"Autohalt Services, Arterial Road, Rayleigh >1268771388"
0.62992,51.54875,"Leigh-On-Sea Express, London Road, Leigh-On-Sea >1702281000"
0.66037,51.5625,"Kent Elms Services, 1-5 Arterial Road, Leigh-On-Sea >1702529018"
1.31477,57.4889,ESSO_services_
-5.4372,51.75693,ESSO_services_
-2.06459,54.79821,ESSO_services_
-5.4372,51.75693,ESSO_services_
-2.43217,53.36205,ESSO_services_
-5.4372,51.75693,ESSO_services_
-3.01529,51.82381,"Abergavenny Services, 5 Hereford Road, Abergavenny >1873855412"
-2.76155,52.68184,"Shrewsbury Services, Hereford Road, Shrewsbury >1743874504"
-3.02667,52.84928,"Oswestry Services, Shrewsbury Road, Oswestry >1691676328"
-2.70528,52.96652,"Whitchurch Bypass Services, Wrexham Road, Whitchurch >1948667909"
-3.03909,53.16451,"Dobshill Garage, Chester Road, Deeside >1244545115"
-3.13402,53.16704,"Wylfa Services, Chester Road, Mold >1352752589"
-4.10658,53.20645,"Bangor Services, Junction A5-A55, Bangor >1248370508"
-2.90684,53.20878,"Parkgate Services, Parkgate Road, Chester >1244390517"
-3.07144,53.22449,"Quay Services, Church Street, Deeside >1244822649"
-3.51932,53.26843,"Kinmel Park Services, A55 Expressway Westbound, Rhyl >1745833809"
-3.51876,53.26967,"Kinmel Park Services, A55 Expressway Eastbound, Rhyl >1745833810"
-3.74572,53.29635,"Dingle Hill Services, Abergele Road, Colwyn Bay >1492534050"
-2.43217,54.79907,ESSO_services_
-5.4372,53.36102,ESSO_services_
-2.58789,53.37987,"Causeway Services, Wilderspool Causeway, Warrington >1925631679"
-3.01645,53.38343,"Green Lane Services, 6 New Chester Road, Birkenhead >1516501883"
-2.8188,53.39823,"Woodlands Services, Cronton Road, Prescot >1514806284"
-2.70615,53.43785,"Caldo Worsley Brow Services, Worsley Brow, St Helens >1744606204"
-2.70018,53.46378,"Caldo West End Road Services, West End Road, St Helens >1744606205"
-2.67701,53.53529,"Pemberton Services, Ormskirk Road, Wigan >1942706307"
-2.64557,53.7137,"Clayton Brook Services, Preston Road, Chorley >1772336064"
-2.45829,53.74966,"Furthergate Services, Accrington Road, Blackburn >1254260581"
-2.59748,53.764,"Five Barred Gate Services, Preston New Road, Preston >1772877228"
-3.04621,53.807,"Corton Beach Filling Station, 333 Central Drive, Blackpool >1253403365"
-3.04315,53.87145,"Anchorsholme Services, Fleetwood Road, Thornton-Cleveleys >1253824133"
-2.75765,54.13852,"Truckhaven Carnforth, Scotland Road, Carnforth >1524736699"
-2.74628,54.65671,"Bridge Lane Services, Bridge Lane, Penrith >1768899303"
-2.06459,54.79751,ESSO_services_
-2.43217,51.75693,ESSO_services_
-2.24441,51.8323,"Tuffley Services, 387 Stroud Road, Gloucester >1452386411"
-2.25563,51.86861,"Westgate Services, 209 Westgate Street, Gloucester >1452529539"
-2.22389,52.32458,"Hartlebury Services, Crown Lane, Stourport-On-Severn >1299251597"
-2.27664,52.34195,"Stourport Services, Vale Road, Stourport-On-Severn >1299824023"
-2.26524,52.38517,"Bewdley Hill Services, 20 Bewdley Hill, Kidderminster >1562510253"
-2.27015,52.39979,"Habberley Services, Franche Road, Kidderminster >1562863434"
-2.10836,52.80569,"Lammascote Services, Lammascote Road, Stafford >1785251107"
-2.16858,52.88462,"M6 Stafford  Motorway Service Area Southbound, M6 J14-15, Stone >1785826300"
-2.12561,53.0077,"Park Hall Services, Dividy Road, Stoke-On-Trent >1782331178"
-2.20125,53.00946,"Hartshill Express, Hartshill Road, Stoke-On-Trent >1782290300"
-2.14956,53.0225,"Trent Services, 4 Ruxley Road, Stoke-On-Trent >1782262081"
-2.24701,53.03707,"Holditch Services, Talke Road, Newcastle-Under-Lyme >1782561985"
-2.43217,53.09074,"Crewe Arms Services, Nantwich Road, Crewe"
-2.06459,54.79826,ESSO_services_
-2.43217,53.32004,ESSO_services_
-2.11413,53.36681,"Fiveways Services, 99 Macclesfield Road, Stockport >1625850897"
-2.35296,53.38877,"Altrincham Services, Dunham Road, Altrincham >1619413241"
-2.14785,53.3938,"Great Moor Services, Buxton Road, Stockport >1614832244"
-2.11331,53.42158,"Bredbury Services, Lower Bents Lane, Stockport >1614302948"
-2.31966,53.45056,"Sevenways Services, Bradfield Road, Manchester >1618669580"
-2.35665,53.48177,"Eccles Express, Liverpool Road, Manchester >1612556400"
-2.39028,53.51084,"Worsley Services, 315 Walkden Road, Manchester >1617020370"
-2.28314,53.53964,"Kirkhams Services, Bury Old Road, Manchester >1617732486"
-2.22846,53.56603,"M62 Birch Motorway Service Area Eastbound, M62 J18-19, Heywood >1616430911"
-2.22846,53.56603,"M62 Birch Motorway Service Area Westbound, M62 J18-19, Heywood >1616430911"
-2.41339,53.57652,"Bolton Services, 104 Bradford Street, Bolton >1204386660"
-2.36111,53.75198,"Accrington Services, 105 Abbey Street, Accrington >1254234075"
-2.22846,53.83119,"Hollin Bank Services, Manchester Road, Nelson >1282612986"
-2.06459,57.48943,ESSO_services_
-5.4372,54.79796,ESSO_services_
-3.92248,55.8578,ESSO_services_
-5.4372,54.79796,ESSO_services_
-4.77604,55.6416,"Mayfield Services, High Road, Saltcoats >1294602847"
-3.98814,55.69446,"Stonehouse Services, Strathaven Road, Larkhall >1698791328"
-4.16549,55.76704,"Kingsway Services, Kingsway, Glasgow >1355223945"
-4.07245,55.76968,"Earnock Services, Wellhall Road, Hamilton >1698283029"
-4.28245,55.79236,"Drumby Services, 91 Eastwoodmains Road, Glasgow >1416381000"
-3.98535,55.79407,"Calder Services, 215 Merry Street, Motherwell >1698263606"
-4.0463,55.82252,"Bellshill Services, 1 Bellziehill Road, Bellshill >1698846316"
-4.52366,55.82611,"Benston Services, Beith Road, Johnstone >1505321609"
-4.24636,55.82676,"Kings Park Services, 871 Aikenhead Road, Glasgow >1416321249"
-4.22791,55.83557,"Southcroft Services, Glasgow Road, Glasgow >1416471967"
-4.21693,55.8425,"Dalmarnock Services, 377 Dalmarnock Road, Glasgow >1415544986"
-4.31115,55.85075,"Ibrox Services, Broomloan Road, Glasgow >1414279903"
-3.92248,57.48915,ESSO_services_
-5.4372,55.85718,ESSO_services_
-3.98438,55.86859,"Auld Cross Services, 28 High Street, Airdrie >1236748212"
-4.34069,55.87485,"Westburn Services, 1329 Dumbarton Road, Glasgow >1419592022"
-4.16839,55.88212,"Hogganfield Loch Services, 1628 Cumbernauld Road, Glasgow >1417704180"
-4.28017,55.88404,"Maryhill Services, 900 Maryhill Road, Glasgow >1419451001"
-4.32951,55.8913,"Milady Services, 1867 Great Western Road, Glasgow >1419597989"
-4.39243,55.89374,"Clydeholm Garage, 423 Glasgow Road, Clydebank >1419521404"
-4.32156,55.91537,"Kessington Services, 45 Milngavie Road, Glasgow >1419428050"
-4.51768,55.93572,"Dunglass Services, Dumbarton Road, Dumbarton >1389732826"
-4.68999,55.93647,"Clyde Port Services, Scarlow Street, Port Glasgow >1475745018"
-4.58336,55.98907,"John H Glen & Son, Main Street, Alexandria >1389752778"
-3.93072,56.11486,"Craigs Services, Craigs Roundabout, Stirling >1786448909"
-5.43123,56.449,"Halfway Filling Station, A85, Oban >1631562784"
-4.22114,57.4879,"Kessock Services, 9-11 Longman Road, Inverness >1463234178"
-2.06459,57.4879,ESSO_services_
-3.92248,54.79796,ESSO_services_
-2.87218,54.79796,"M6 Southwaite Motorway Service Area Southbound, M6 J41-42, Carlisle >1697473476"
-2.91367,54.8824,"Harraby Green Services, London Road, Carlisle >1228520973"
-2.93122,54.883,"Currock Services, Currock Road, Carlisle >1228542232"
-3.91582,55.66723,"Botterills Convenience Stores, 231 Carlisle Road, Lanark >1555893781"
-3.02477,55.88976,"Fordel Services, Lauder Road, Dalkeith >1316633046"
-3.20191,55.89259,"Lothianburn Services, 117 Biggar Road, Edinburgh >1314457085"
-3.14259,55.92092,"Little France Services, 211 Old Dalkeith Road, Edinburgh >1316644315"
-3.06128,55.92628,"A1 Musselburgh Service Area, A1 Old Craighall, Musselburgh >1316653507"
-3.40976,55.93379,"Malthurst Newbridge, 1 Cliftonhall Road, Newbridge >1313333874"
-3.24293,55.95568,"Windmill Services, 109 Queensferry Road, Edinburgh >1313323211"
-3.19762,55.96238,"Canonmills Services, 23 Canonmills, Edinburgh >1315560642"
-3.80156,56.00181,"Springfield Services, Camelon Road, Falkirk >1324624283"
-3.79309,56.01869,"Carronside Services, Carron Road, Falkirk >1324638222"
-2.06459,57.48813,ESSO_services_
-3.92248,56.02393,ESSO_services_
-3.92248,56.07575,"M9 Stirling Motorway Service Area, M9 J9, Stirling >1786813614"
-3.16598,56.11243,"Wemysfield Services, Abbotshall Road, Kirkcaldy >1592641930"
-3.1579,56.19028,"Rothes Services, Woodside Road, Glenrothes >1592752352"
-3.02124,56.19724,"Mountfleurie Services, Windygates Road, Leven >1333425821"
-3.44147,56.20908,"M90 Kinross Motorway Service Area, M90 J6, Kinross >1577863953"
-3.14384,56.25229,"Bridgend Services, Ladybank Road, Freuchie >1337858013"
-3.43432,56.38057,"Strathtay Services, Edinburgh Road, Perth >1738633620"
-3.48169,56.388,"Broxden Services, Glasgow Road, Perth >1738626332"
-2.1179,57.12787,"Ruthrieston Services, Holburn Street, Aberdeen >1224588107"
-2.09629,57.16169,"Pittodrie Express, 480 King Street, Aberdeen >1224809700"
-3.82908,57.18855,"Grants Services, 62 Grampian Road, Aviemore >1479810205"
-2.08959,57.19038,"Gordon Services, Ellon Road, Aberdeen >1224704230"
-2.39161,57.2926,"Inverurie Services, North Street, Inverurie >1467620443"
1.31477,57.48972,ESSO_services_
-2.06459,51.75693,ESSO_services_
-1.54954,52.96136,ESSO_services_
-2.06459,51.75693,ESSO_services_
-2.05289,51.88809,"Sixways Services, London Road, Cheltenham >1242226692"
-2.02923,52.6146,"Acorn New Invention, Lichfield Road, Wolverhampton >1922497267"
-2.01715,52.42877,"M5 Frankley Motorway Service Area Northbound, M5 J3-4, Birmingham >1215503131"
-2.01715,52.42877,"M5 Frankley Motorway Service Area Southbound, M5 J3-4, Birmingham >1215503131"
-1.95054,52.08337,"Cheltenham Road Services, 47 Cheltenham Road, Evesham >1386423443"
-1.90559,52.30863,"Brooklyn Ford Redditch, Battens Drive, Redditch >1527406021"
-1.89103,52.48881,"Aston Way Services, 305 Corporation Street, Birmingham >1213593371"
-1.86473,52.91109,"Uttoxeter Services, Stoke Road, Uttoxeter >1889565321"
-1.83307,52.44458,"Merestones Services, Fox Hollies Road, Birmingham >1217079349"
-1.73424,52.4436,"Bickenhill Services, Coventry Road, Solihull >1675443097"
-1.64104,52.60814,"M42 Tamworth Motorway Service Area, M42 J10, Tamworth >1827260120"
-1.61124,52.59699,"Centurion Services, Watling Street, Tamworth >1827892333"
-0.79282,52.96307,ESSO_services_
-1.54954,51.75693,ESSO_services_
-1.50612,52.92875,"Mackworth Services, Kingsway, Derby >1332380527"
-1.32553,52.04121,"Banbury Otr Services, Oxford Road, Banbury >1295268303"
-1.26804,52.96155,"M1 Trowell Motorway Service Area Northbound, M1 J25-26, Ilkeston >1159320291"
-1.26048,52.79714,"Hathern Turn Services, Derby Road, Loughborough >1509843714"
-1.20209,51.96067,"Baynards Green Otr Services, Baynards Green, Bicester >1869345182"
-1.19896,52.62238,"Rowley Fields Services, Narborough Road, Leicester >1162826359"
-1.1986,51.95001,"M40 Cherwell Valley Motorway Service Area, M40 J10, Bicester >1869346060"
-1.18798,52.90633,"Clifton Services, Clifton Lane, Nottingham >1159211228"
-1.16269,51.89361,"Bicester Services, Oxford Road, Bicester >1869324451"
-0.97832,51.75704,"Thame Otr Service Area, Long Crendon Road, Thame >1844217829"
-0.89447,52.77374,"Brookside Services, Nottingham Road, Melton Mowbray >1664480247"
-0.80253,51.809,"Borough Services, Wendover Road, Aylesbury >1296392242"
-0.79282,52.25533,"Nene Valley Motorway Service Area North, Nene Valley Way, Northampton >1604402148"
1.31477,52.96189,ESSO_services_
-0.79282,51.75693,ESSO_services_
-0.79282,52.25533,"Nene Valley Motorway Service Area South, Nene Valley Way, Northampton >1604409246"
-0.79005,52.41447,"Rothwell Services, A14 Eastbound, Kettering >1536418599"
-0.77791,51.81184,"Adams Corner Services, Tring Road, Aylesbury >1296393042"
-0.60768,52.80346,"A1 Grantham South Service Area, A1 Great North Road Southbound, Grantham >1476861006"
-0.55262,51.75693,"Hall Park Otr Services, London Road, Berkhamsted >1442874964"
-0.45998,52.12637,"Southgate Services, London Road, Bedford >1234273103"
-0.45052,51.89222,"Empire Services, Dunstable Road, Luton >1582595441"
-0.42606,51.88297,"Viva Services, Dunstable Road, Luton >1582487884"
-0.41753,52.58355,"Snax 24 Wansford, A47 Wansford, Peterborough >1780784017"
-0.33649,52.01746,"Shefford Service Area, A507 Bypass, Shefford >1462851857"
-0.24997,52.57672,"Westside Services, Bourges Boulevard, Peterborough >1733565510"
-0.23528,51.9799,"Icknield Way Services, Norton Way North, Letchworth Garden City >1462481271"
-0.19563,51.80135,"Eastbridge Services, Bridge Road East, Welwyn Garden City >1707373257"
1.31477,52.96359,ESSO_services_
-0.18612,51.75693,ESSO_services_
-0.14241,52.56052,"Saxon Autopoint, 33 Peterborough Road, Peterborough >1733202577"
0.11082,52.21747,"City Services, Histon Road, Cambridge >1223464708"
0.11295,52.17509,"Villa Services, High Street, Cambridge >1223843935"
0.11488,51.75855,"Harlow Services, Tillwicks Road, Harlow >1279413060"
0.20704,51.87123,"Start Hill Services, Dunmow Road, Bishop'S Stortford >1279465462"
0.51375,52.35357,"Field Road Services, Field Road, Bury St Edmunds >1638714538"
0.53342,52.33839,"Barton Mills Services, Fiveways Roundabout, Bury St Edmunds >1638712308"
0.70994,52.26064,"Malthurst Tollgate, Fornham Road, Bury St Edmunds >1284723935"
0.74946,52.04501,"Gainsborough Services, Northern Road, Sudbury >1787882500"
0.99786,52.18016,"Stowmarket Services, Needham Road, Stowmarket >1449676273"
1.23705,51.84039,"Frinton Services, Frinton Road, Frinton-On-Sea >1255677737"
1.28617,52.65743,"Ring Services, Mile Cross Lane, Norwich >1603429131"
1.31477,52.64881,"Mousehold Services, 58 Mousehold Lane, Norwich >1603408123"
1.31477,57.48977,ESSO_services_
-2.06459,52.96155,ESSO_services_
-1.94645,53.44343,"Townhouse Services, High Street East, Glossop >1457853063"
-1.9105,53.24978,"Buxton Services, 127 London Road, Buxton >129870659"
-1.88288,53.74335,"Prospect Services, Keighley Road, Halifax >1422357317"
-1.85936,53.71876,"Halifax Services, Skircoat Road, Halifax >1422346647"
-1.82356,53.65407,"Reinwood Services, New Hey Road, Huddersfield >1484460784"
-1.77942,53.69885,"Trafalgar Services, Huddersfield Road, Brighouse >1484714670"
-1.61353,53.69114,"Dewsbury Services, Wakefield Road, Dewsbury >1924463262"
-1.54459,53.62203,"M1 Woolley Edge Motorway Service Area Northbound, M1 J38-39, Wakefield >1924830371"
-1.54459,53.62203,"M1 Woolley Edge Motorway Service Area Southbound, M1 J38-39, Wakefield >1924830371"
-1.46145,53.38546,"Victoria Services, Blonk Street, Sheffield >1142724159"
-1.42829,53.21828,"Birdholme Services, Derby Road, Chesterfield >1246208726"
-1.4179,53.37185,"Parkway Services, 340 Prince Of Wales Road, Sheffield >1142399990"
-1.38315,53.43527,"Fenton Services, Wortley Road, Rotherham >1709551155"
1.31477,53.77063,ESSO_services_
-1.3422,52.96155,ESSO_services_
-1.32382,53.02001,"Nether Green Services, Derby Road, Nottingham >1773712165"
-1.26804,52.96155,"M1 Trowell Motorway Service Area Southbound, M1 J25-26, Ilkeston >1159320291"
-1.26674,53.69752,"M62 Ferrybridge Motorway Service Area, M62 J33, Knottingley >1977672767"
-1.16786,53.53939,"Sun Inn Services, York Road, Doncaster >1302788720"
-1.06829,53.49642,"Doncaster Services, Bawtry Road, Doncaster >1302531813"
-1.06205,53.38238,"A1(M) Blyth Service Area, A1(M) J1/A614 Hilltop Roundabout, Worksop >1909591841"
-0.93885,53.31756,"King Edward Services, 40 London Road, Retford >1777708135"
-0.68514,53.58982,"Parkside Services, Doncaster Road, Scunthorpe >1724857830"
-0.55673,53.20193,"Lindum Services, Newark Road, Lincoln >1522536226"
-0.42427,53.73338,"Green Arrow Services, 1-13 Boothferry Road, Hessle >1482649262"
-0.07348,53.52001,"Toll Bar Services, Louth Road, Grimsby >1472822141"
-0.02003,52.97736,"John Adams Way Services, John Adams Way, Boston >1205354218"
0.33129,53.15271,"Churchill Services, 73 Burgh Road, Skegness >1754610841"
1.31477,57.48935,ESSO_services_
-2.06459,53.77178,ESSO_services_
-1.77921,53.78453,"Great Horton Services, 472 Great Horton Road, Bradford >1274521588"
-1.83059,53.79156,"Leaventhorpe Services, Thornton Road, Bradford >1274881084"
-1.54237,53.79169,"Leeds Bridge Services, Meadow Lane, Leeds >1132446509"
-1.57757,53.79872,"Armley Services, 120 Armley Road, Leeds >1132798680"
-1.52673,53.81026,"Sheepscar Services, 98 Roundhay Road, Leeds >1132488163"
-1.53409,53.82585,"Leeds Harrogate Express, Harrogate Road, Leeds >1132140400"
-1.6507,53.83469,"Broadway Services, Broadway, Leeds >1132582273"
-1.47147,53.83893,"Coronation Services, 213 Wetherby Road, Leeds >1132323578"
-1.59152,53.84814,"Lawnswood Services, Otley Road, Leeds >1132679121"
-1.79489,53.92869,"Ilkley Services, Leeds Road, Ilkley >1943817286"
-1.38297,53.93262,"Wetherby Services, Deighton Road, Wetherby >1937587966"
-1.50327,53.99724,"Harrogate Express, Knaresborough Road, Harrogate >1423838400"
1.31477,57.48908,ESSO_services_
-2.06459,54.00542,ESSO_services_
-0.21085,54.09613,"Bridlington Services, Scarborough Road, Bridlington >1262676816"
-0.34421,54.23001,"Filey Services, Stonepit Lane, Scarborough >1723586900"
-1.66747,54.44363,"A1 Scotch Corner Service Area, A1 / Middleton Tyas Lane, Richmond >1325377726"
-1.33635,54.5439,"Malthurst Stockton, Yarm Road, Stockton-On-Tees >1642608107"
-1.55808,54.77917,"St Giles Filling Station, Sunderland Road, Durham >1913844349"
-1.36618,54.83176,"New Seaham Services, Stockton Road, Seaham >1915813091"
-1.5735,54.85272,"Cestrian Services, Ropery Lane, Chester-Le-Street >1913871602"
-1.55983,54.88932,"A1(M) Washington Service Area Northbound, A1(M) J64, Chester-Le-Street >1914103436"
-1.55983,54.88932,"A1(M) Washington Service Area Southbound, A1(M) J64, Chester-Le-Street >1914103436"
-1.40088,54.89335,"Barnes Services, Durham Road, Sunderland >1915285785"
-1.49079,54.95973,"St Matthews Services, York Avenue, Jarrow >1914200665"
-1.62517,54.97522,"St James Park Services, 21 Barrack Road, Newcastle Upon Tyne >1912221088"
-1.60311,54.98133,"Sandyford Services, 135 Sandyford Road, Newcastle Upon Tyne >1912812241"
1.70215,58.5984,ESSO_services_not_
-5.91162,50.18228,ESSO_services_not_
-0.73248,52.0562,ESSO_services_not_
-5.91162,50.18228,ESSO_services_not_
-3.19239,52.0562,ESSO_services_not_
-5.91162,50.18228,ESSO_services_not_
-5.4584,50.19135,"Roaches Garage Ltd, Longstone Hill, St. Ives >1736795188"
-5.4372,50.18228,"Chy-An-Dour Services, Green Lane, Lelant >2085304800"
-4.99083,50.52581,"St Merryn Garage, B3276, Padstow >1841520540"
-4.93377,50.39127,"Queens Garage, Chapel Road, St Columb >1726860457"
-4.91392,50.24427,"Treworran Garage, Ruan High Lanes, Truro >1872530304"
-4.83551,50.51329,"Jc Tregoning & Son Wadebridge, West Hill, Wadebridge >1208893010"
-4.78564,50.29218,"Mill Garage, Pentewan, St Austell >1726843220"
-4.68477,51.81864,"Preseli Filling Station, A40, Narberth >1834860227"
-4.54273,50.82629,"Bude Services, Bencoolen Road, Bude >1288352232"
-4.508,51.815,"Ivy Services, A477, Carmarthen >1994230450"
-4.35803,50.8134,"Bude Road Garage, Bude Road, Holsworthy >1409253477"
-4.25038,50.51669,"Central Motors, Southover, Gunnislake >1822832823"
-4.23545,50.41849,"Moto Saltash /Motorway Ss, Callington Road, Saltash >1752849404"
-4.19824,50.37687,"Clifford Motors Ltd, 12 Anthony Road, Torpoint >1752812568"
-3.19239,52.05623,ESSO_services_not_
-4.17485,50.18228,ESSO_services_not_
-4.16606,51.60844,"Herons Way Filling Station, B4295, Swansea >1792390360"
-4.15817,50.3859,"Milehouse Services (Roc-Fuels), 23 Wolseley Road, Plymouth >1752550563"
-4.12397,50.38195,"Vale Services, Alexandra Road, Plymouth >1752666145"
-4.08537,50.49133,"Yelverton Garage, 1 Moorland Villas, Yelverton >1822853339"
-4.07332,51.07285,"Sticklepath Services, Sticklepath Hill, Barnstaple >1271343898"
-4.04679,51.64936,"Gowerton Express, 62 Bryn-Y-Mor Road, Swansea >1792497200"
-3.7009,51.50739,"South Cornelly Services (Roc-Fuels), South Cornelly, Porthcawl >1656741459"
-3.63034,51.74452,"Glyn Neath Express, Neath Road, Neath >1639722809"
-3.53528,50.4822,"Torquay Express, 192 Teignmouth Road, Torquay >1803350400"
-3.50277,50.72155,"Heavitree Express, 85 Fore Street, Exeter >1392607600"
-3.37848,50.88196,"Willand Services, Cullompton Road, Cullompton >188432282"
-3.36625,50.70591,"Oaklands Garage Ltd, Sidmouth Road, Exeter >1395239386"
-3.28095,50.75141,"Ottery St Mary Services, Hind Street, Ottery St Mary >1404815755"
-3.22761,50.98078,"St John'S Services, Longforth Road, Wellington >1823665608"
-2.48427,52.05598,ESSO_services_not_
-3.19239,50.18228,ESSO_services_not_
-2.48702,50.61282,"Granby Filling Station, Cumberland Drive, Weymouth >1305761833"
-2.95784,50.87418,"Central Services, East Street, Chard >146064747"
-3.01902,51.00013,"Thornfalcon Garage, A378, Taunton >1823442205"
-3.09285,51.01574,"Rex Services (Roc-Fuels), 30/33 East Roach, Taunton >1823256532"
-3.10653,51.02674,"Greenway Motors, 209 Greenway Road, Taunton >1823286296"
-3.13672,51.03201,"Olds Taunton, Minehead Road, Taunton >1823347964"
-2.82373,51.0426,"Shires Garage & Engineering Ltd, Somerton Road, Langport >1458250570"
-2.74511,51.1233,"Abbey Garage (South West) Ltd, 189 High Street, Street >1458447147"
-2.97751,51.14133,"Sedgemoor Services, Bath Road, Bridgwater >1278422953"
-2.51491,51.25982,"Broadway Garage, Chilcompton, Bath >1761232298"
-2.91924,51.26906,"Sedgemoor Services, M5 South Bound, Axbridge >1934750888"
-2.63817,51.37069,"Winford Road Garage, Winford Road, Bristol >1275332857"
-2.49196,51.41207,"Chandag Services (Roc-Fuels), 20 Bath Road, Bristol >1179863261"
-2.55952,51.41441,"Whitchurch Express, Wells Road, Bristol >1275516400"
-2.48427,52.05697,ESSO_services_not_
-3.19239,51.41798,ESSO_services_not_
-2.74897,51.41948,"Backwell Motors, 73-75 Station Road, Bristol >1275463441"
-2.74683,51.43847,"Budgens Nailsea, Nailsea, Bristol >1275857177"
-2.60061,51.4553,"Princes Services (Roc-Fuels), Park Row, Bristol >1179294541"
-2.51094,51.46887,"Chase Services, Soundwell Road, Bristol >1179352612"
-2.60947,51.48657,"Henleaze Express, 142 Henleaze Road, Bristol >1179489200"
-2.5779,51.50474,"Elm Park Express, Gloucester Road North, Bristol >1179127300"
-2.56848,51.53105,"Stokebrook Services(Roc-Fuels), 184 Gloucester Road, Bristol >1179798536"
-3.05126,51.58395,"Castle Garage, Tregwilym Road, Newport >1633895115"
-2.7535,51.59067,"Washbourne Ltd, Newport Road, Newport >1291420219"
-2.95368,51.60768,"Hanbury Garage, Uskside, Newport >1633420254"
-3.11098,51.61689,"Risca Garages, 89 Cromwell Road, Newport >1633613765"
-3.19239,51.66289,"Blackwood-Llewellyns, 275 High Street, Blackwood >1495222211"
-3.03169,51.69876,"Pontypool Services (Roc-Fuels), Rockhill Road, Pontypool >1495763629"
-3.02939,51.82491,"N.R And C.A Bailey Ltd, Brecon Road, Abergavenny >1873854272"
-0.73248,52.05531,ESSO_services_not_
-2.48427,50.18228,ESSO_services_not_
-1.50658,51.31636,ESSO_services_not_
-2.48427,50.18228,ESSO_services_not_
-2.4415,50.71895,"Loders Forecourt Ltd, The Grove, Dorchester >1305755443"
-2.4377,50.55205,"Chesil Beach Motors, Easton Lane, Portland >1305861403"
-2.17917,51.20299,"Warminster East Services, East Street, Warminster >1985212084"
-2.15567,50.86453,"Damory Garage, Salisbury Road, Blandford Forum >1258456376"
-1.9046,51.13188,"Riverside Services, Warminster Road, Salisbury >1722790858"
-1.86391,50.74055,"Charminster Services, Charminster Road, Bournemouth >1202531607"
-1.80033,50.74278,"Christchurch Express, 271 Barrack Road, Christchurch >1202275200"
-1.78218,51.06352,"New Sarum Services, Southampton Road, Salisbury >1722333729"
-1.77146,51.1952,"Malthurst Durrington, 1 Bulford Road, Salisbury >1980655406"
-1.75956,50.99628,"Longford Services, Salisbury Road, Salisbury >1725514830"
-1.66441,51.23888,"Tidworth Otr Services, Pennings Road, Tidworth >1980849082"
-1.6575,50.77489,"Loaders Garage, St Johns Road, New Milton >1425614722"
-1.57589,50.81823,"Gates Services, Sway Road, Brockenhurst >1590623569"
-0.73248,51.31743,ESSO_services_not_
-1.50658,50.18228,ESSO_services_not_
-1.41472,50.85402,"Dibden Purlieu Express, Beaulieu Road, Dibden Purlieu >2380607600"
-1.39685,50.91968,"Portswood Express, Lodge Road, Southampton >2380533900"
-1.38721,50.97607,"Rowles Garage, Bournemouth Road, Southampton >2380255432"
-1.35372,50.92162,"Bitterne Express, 149 West End Road, Southampton >2380473774"
-1.34513,50.96994,"Chickenhall Services, Bishopstoke Road, Southampton >2380612517"
-1.34458,50.89285,"Picador Plc, Portsmouth Road, Southampton >2380449232"
-1.34385,51.00745,"Williams Garage, Main Road, Winchester >1962712169"
-1.32992,51.081,"Harestock Garage, Priors Dean Road, Winchester >1962881380"
-1.30303,50.978,"Fair Oak Express, Winchester Road, Southampton >2380696546"
-1.22841,51.19463,"Micheldever Services, A303, Winchester >1256398280"
-1.06508,50.81795,"Copnor Express, 241 Copnor Road, Portsmouth >2392202500"
-0.82805,51.2643,"Fleet Express, 235 Reading Road South, Fleet >1252809600"
-0.78391,50.85805,"Summersdale Garage, Lavant Road, Chichester"
-0.73607,51.08752,"Haslemere Services, Hindhead Road, Haslemere >1428653265"
-0.73248,52.0552,ESSO_services_not_
-2.48427,51.31761,ESSO_services_not_
-2.48037,51.46026,"Warmley Services, Deanery Road, Bristol >1179478886"
-2.3095,51.31761,"Farleigh Services, A36, Bath >1225722140"
-2.28338,51.75067,"Bridge Services, 2 Gloucester Road, Stonehouse >1453821005"
-2.25932,51.41455,"Ashley Garage, Bath Road, Corsham >1225744123"
-2.22577,51.84944,"Tesco Eastern Avenue Express, Eastern Avenue, Gloucester >1452522207"
-2.14292,51.3806,"Nortree Motors Ltd, Beanacre Road, Melksham >1225702230"
-1.89147,51.5502,"Coped Hall Services, Wootton Bassett Road, Swindon >1793848545"
-1.72248,51.58006,"South Marston Services, Shrivenham Road, Swindon >1793820510"
-1.70565,51.98406,"Marsh Services (Roc-Fuels), Stow Road, Moreton-In-Marsh >1608651945"
-1.70565,51.98406,"Marsh Services, Stow Road, Moreton-In-Marsh"
-1.67048,51.34683,"Burbage Services, 248 High Street, Marlborough >1672810550"
-1.49275,51.77788,"Witney Express, Station Lane, Witney >1993745600"
-1.46461,51.59748,"Mellors Of Challow Ltd, Faringdon Road, Wantage >1235760606"
-1.40884,51.6184,"Gibbs Garages Grove, Station Road, Wantage"
-0.73248,52.05616,ESSO_services_not_
-1.36643,51.31761,ESSO_services_not_
-1.21147,51.65684,"Turnpike Filling Station, Abingdon Road, Clifton Hampden"
-1.13898,51.35133,"Tadley Services, Mulfords Hill, Tadley >1189814406"
-1.01823,51.44457,"Southcote Express, 108 Bath Road, Reading >1189807800"
-1.00204,51.32746,"Turgis Green Services, A33 Turgis Green, Hook >1256881287"
-0.98876,52.00186,"Buckingham Otr Services, Buckingham Ring Road, Buckingham >1280821874"
-0.97415,51.46776,"Caversham Express, Church Street, Reading >1189807500"
-0.9648,51.47899,"Buckingham Drive Services, Buckingham Drive, Reading >1189478548"
-0.90138,51.43755,"Loddon Bridge Services, 660 Wokingham Road, Reading"
-0.83194,51.7218,"Bell Services, Bell Street, Princes Risborough >1844346525"
-0.784,51.61861,"Turnpike Services, 246 New Road, High Wycombe >1494523471"
-0.77042,51.57679,"Maple Otr Services, Maple Rise, Marlow >1628487185"
-0.76522,51.61775,"Wycombe South Express, 41 Marlow Road, High Wycombe >1494657000"
-0.76209,51.57935,"Landis Services, Marlow Rd, Marlow >2085304800"
-0.73252,51.64503,"Wycombe North Express, Amersham Road, High Wycombe >1494657600"
1.70215,52.05719,ESSO_services_not_
-0.73248,50.18228,ESSO_services_not_
-0.05978,51.4802,ESSO_services_not_
-0.73248,50.18228,ESSO_services_not_
-0.53049,50.81243,"Cuff Miller, Horsham Road, Littlehampton >1903711918"
-0.16943,50.83405,"Hove Services, Station Approach, Hove >1273749616"
-0.07809,50.83618,"Woodingdean Express, 10-18 Warren Road, Brighton >1273361900"
-0.32849,50.83772,"Manor Road Services, Manor Road, Lancing >1903765684"
-0.1515,50.86333,"Patcham Services, London Road, Brighton >1273563043"
-0.46385,50.91964,"Storrington Express, Pulborough Road, Pulborough >1903547300"
-0.56528,50.92518,"Carringdale Motors Ltd, Burygate, Pulborough >1798831304"
-0.18375,50.93481,"Pickett White Ltd, Albourne Road, Hassocks >1273833422"
-0.14511,51.01478,"Cuckfield Services, Whitemans Green, Haywards Heath >1444458585"
-0.45338,51.0204,"Hillview Garage Ltd, Alicks Hill, Billingshurst >1403786316"
-0.30771,51.07081,"Horsham Express, Redkiln Way, Horsham >1403351400"
-0.7309,51.11411,"Barons Of Hindhead Ltd, London Road, Hindhead >1428601947"
-0.48706,51.14061,"Little Manor Services, High Street, Cranleigh >1483273636"
-0.64867,51.18641,"Eashing Services, Godalming Bypass, Godalming >1483416803"
-0.05978,51.48081,ESSO_services_not_
-0.73248,51.24541,ESSO_services_not_
-0.36515,51.27789,"Hylands Garage, Leatherhead Road, Leatherhead >137245823"
-0.08941,51.28835,"Townend Services, 36 Townend, Caterham >1883347127"
-0.0631,51.31916,"Addiscombe Express, Lower Addiscombe Road, Croydon >2082719100"
-0.39272,51.32327,"Beech Services, Stoke Road, Cobham >1932862111"
-0.50652,51.33581,"West Byfleet Express, 77 Old Woking Road, West Byfleet >1932747700"
-0.24911,51.34498,"Ewell Express, 26 Reigate Road, Epsom >2087000900"
-0.22734,51.37102,"Cheam Express, 50 Malden Road, Cheam >2089107200"
-0.22205,51.37602,"North Cheam Express, London Road, Sutton >2082712000"
-0.11808,51.40136,"Tesco Express(Fuels) Code 3292, 1076 London Road, Thornton Heath >2089180400"
-0.39181,51.43637,"Malthurst Jolly Sailor, 49 Hounslow Road, Feltham >2088943855"
-0.35249,51.44228,"Staines Road Services, Staines Road, Twickenham >2088945901"
-0.1129,51.45326,"Tulse Hill Express, 109 Tulse Hill, London >2082719200"
-0.12935,51.45853,"Thames Services, 12 Kings Avenue, London >2077203294"
-0.48184,51.46126,"Heathrow South Services (Roc-Fuels), Southern Perimeter Road, Hounslow >2088974482"
-0.05978,52.05518,ESSO_services_not_
-0.73248,51.48154,ESSO_services_not_
-0.73248,51.5092,"Shoppenhanger Services, Shoppenhangers Road, Maidenhead >1628509591"
-0.66152,51.52759,"Burnham Garage, 71 Stomp Road, Burnham >1628419942"
-0.61487,51.56024,"Haymill Automotive Ltd, Beaconsfield Road, Farnham Common >1753609588"
-0.59908,51.52004,"Good Companions Services, 93 Stoke Poges Lane, Slough >1753528991"
-0.56672,51.5014,"Slough Express, London Road, Slough >1753227600"
-0.55629,51.61389,"Chalfont Express, Amersham Road, Gerrards Cross >1753227900"
-0.53226,51.53466,"Iver Heath Express, Uxbridge Road, Iver >1753232417"
-0.5287,51.89187,"Albion Services, 166 High Street North, Dunstable >1582666873"
-0.4922,51.55288,"Willowbank Services, Oxford Road, Uxbridge >1895256378"
-0.48235,51.52572,"Cowley Express, High Road, Uxbridge >1895211400"
-0.40962,51.59902,"Northwood Express, Joel Street, Pinner >1923485100"
-0.38163,51.5916,"Greenhill Services, Marsh Road, Pinner >2084291489"
-0.37114,51.53231,"Mead Services (Roc-Fuels), Ruislip Rd, Greenford >2085666775"
-0.36686,51.56494,"Harrow Express, Alexandra Avenue, Harrow >2084371200"
-0.05978,52.05646,ESSO_services_not_
-0.34149,51.48154,ESSO_services_not_
-0.34064,51.63327,"Bushey Heath Express, High Road, Watford >2089504936"
-0.3335,51.50425,"Studley Grange Services, 167 Boston Road, London >2085671312"
-0.30143,51.58751,"Kenton Park Services, 384 Kenton Road, Harrow >2089071091"
-0.29169,51.62144,"Edgware Express, 156 Stonegrove, Edgware >2082739400"
-0.28311,51.94864,"Lisles Services, 23 Old Park Road, Hitchin >1462443940"
-0.26795,51.9543,"Nightingale Services, Nightingale Road, Hitchin >1462455226"
-0.18125,51.85407,"Lisles Services, London Road, Knebworth >1438818717"
-0.15322,51.65673,"Cockfosters Services, Cockfosters Road, Barnet >2084404703"
-0.1291,51.64892,"Oakwood Express, 153 Bramley Road, London >2082760700"
-0.12824,51.48154,"Nine Elms Services (Market Side), 54 Wandsworth Road, London >2076227202"
-0.12612,51.56254,"Warren Services, 640-648 Holloway Road, London >2072727855"
-0.09677,51.62981,"Highfields Services, 700 Green Lanes, London >2083604303"
-0.09401,51.63356,"Winchmore Hill Express, Green Lanes, London >2089109400"
-0.09027,51.79487,"Hertford Services, Hertingfordbury Road, Hertford >1992505003"
1.70215,52.05599,ESSO_services_not_
-0.05978,50.18228,ESSO_services_not_
0.34506,51.53908,ESSO_services_not_
-0.05978,50.18228,ESSO_services_not_
-0.03796,51.35158,"Forestdale Services, 76 Selsdon Park Road, South Croydon >2086510090"
-0.03288,51.37675,"West Wickham Express, Wickham Road, Croydon >2089100000"
-0.01841,51.46527,"Loampit Vale Express, 97-99 Loampit Vale, Lewisham, London >2082189700"
-0.01038,51.40643,"Shortlands Services, 202 Bromley Road, Beckenham >2086502440"
0.00242,51.39242,"Bromley Express, Westmoreland Road, Bromley >2082710600"
0.02071,51.43225,"Grove Park Express, 340 Baring Road, London >2088579536"
0.03164,51.3433,"Tollgate Services, 114 Leaves Green Road, Keston >1959575166"
0.03302,51.09894,"Forest Row Express, Lewes Road, Forest Row >1342740400"
0.09347,50.97002,"Bellbrook Services, Bell Farm Road, Uckfield >1825763641"
0.11363,51.40194,"St Pauls Cray Express, 147 Sevenoaks Way, Orpington >1689307500"
0.2449,50.81683,"Polegate Express, 94 Eastbourne Road, Polegate >1323488572"
0.29799,51.52477,"South Ockendon Express, North Road, South Ockendon >1708797200"
0.30851,51.29154,"Brackenhill Services, Maidstone Road, Sevenoaks >1732886641"
1.70215,51.53986,ESSO_services_not_
0.34506,50.18228,ESSO_services_not_
0.3862,51.17925,"Paddock Wood Services, 147 Maidstone Road, Paddock Wood >1892837924"
0.43966,51.29872,"Larkfield Express, London Road, Aylesford >1732587700"
0.46483,50.8404,"Birchwood Garage, Terminus Road, Bexhill-On-Sea >1424215578"
0.4918,51.26812,"Maidstone Express, 300 Tonbridge Road, Maidstone >1622725873"
0.49418,50.91334,"Battle Express, Battle Hill, Battle >1424784500"
0.4972,51.17198,"Stanleys Of Marden Ltd, Albion Road, Tonbridge >1622831278"
0.50431,50.84377,"Glyne Gap Services, Hastings Road, Bexhill-On-Sea >1424219748"
0.52484,51.28085,"Boxley Services, 127 Boxley Road, Maidstone >1622662632"
0.55833,51.39483,"Autoyachts Ltd, 171 Pier Road, Gillingham >1634283010"
0.57893,51.37984,"Somerfield Stores Ltd, Cornwallis Roundabout,Beechings Way, Gillingham >1634239040"
0.66487,51.06588,"C B Motors, Rolvenden Road, Tenterden >1580766118"
0.7147,51.34382,"Rhode House Services, London Road, Sittingbourne >1795476451"
0.77394,51.33313,"Bapchild Services, London Road, Sittingbourne >1795431047"
1.07397,51.28266,"Hallets Of Canterbury, St.Dunstans Street, Canterbury >1227864715"
1.70215,52.05578,ESSO_services_not_
-0.05978,51.5402,ESSO_services_not_
-0.04255,51.66648,"Enfield Express, 439 Hertford Road, Enfield >2082187000"
-0.03411,51.68066,"Waltham Cross Express, 5 Bullsmoor Lane, Waltham Cross >1992908300"
-0.03307,51.56777,"Station Garage Waitrose Ltd, High Street, Portishead >1275847363"
-0.01752,51.56868,"Leyton Express, Lea Bridge Road, London >2082760800"
0.03388,51.56231,"Aldersbrook Services, 19 Aldersbrook Road, London >2089895237"
0.0398,51.54812,"Forest Gate Express, Romford Road, London >2084377100"
0.04436,51.60119,"Woodford Bridge Services, 357 Chigwell Road, Woodford Green >2085056370"
0.14056,51.57905,"Cranbrook Services, Whalebone Lane North, Romford >2085975999"
0.18705,51.58212,"Romford Express, 21 Main Road, Romford >1708797100"
0.21311,51.97865,"Central Garage, London Road, Saffron Walden >1799540219"
0.21881,51.55196,"Hornchurch Services, Sutton Lane, Hornchurch >1708458374"
0.34694,51.59981,"Ingrave Services, 130 Brentwood Road, Brentwood >1277810843"
0.4619,51.73887,"West End Services, Rainsford Road, Chelmsford >1245353380"
0.59191,51.71643,"Danbury Express, 68 Maldon Road, Chelmsford >1245226101"
0.64233,51.93695,"Halstead Services, Trinity Street, Halstead >1787478495"
1.70215,52.05727,ESSO_services_not_
0.64843,51.5402,ESSO_services_not_
0.66186,51.60415,"Chandos Services, 32 Greensward Lane, Hockley >1702202513"
0.7289,51.5402,"Southchurch Express, 500 Southchurch Road, Southend-On-Sea >1702281100"
0.73408,52.03759,"Solar Sudbury, Cornard Road, Sudbury >1787372301"
0.81145,51.90042,"Aldford Services, Halstead Road, Colchester >1206211718"
0.84697,51.87819,"Co-Op Fiveways Stanway, Peartree Road, Colchester >1206765015"
0.88823,51.90381,"Braiswick Services, 124 Bergholt Road, Colchester >1206844466"
0.9245,51.90765,"Eastwood Services, 360 Ipswich Road, Colchester >1206843769"
1.02241,51.82254,"Co-Op Fiveways Brightlingsea, Samsons Road, Colchester >1206305509"
1.04266,51.99658,"Capel St Mary Garage, A12 Northbound, Ipswich >1473310451"
1.1497,52.0506,"Station Garage, Burrell Road, Ipswich >1473690440"
1.15026,51.80037,"London Road Garage, London Road, Clacton-On-Sea >1255435555"
1.15867,51.80024,"Co-Op Fiveways Clacton, Oxford Road, Clacton-On-Sea >1255432843"
1.20005,52.03256,"Nacton Road Services, 581 Nacton Road, Ipswich >1473724662"
1.34885,51.96766,"Solar Felixstowe, 7 High Road West, Felixstowe >1394277664"
1.70215,58.60062,ESSO_services_not_
-5.91162,52.05511,ESSO_services_not_
-2.23741,54.76103,ESSO_services_not_
-5.91162,52.05511,ESSO_services_not_
-3.40177,54.76103,ESSO_services_not_
-5.91162,52.05511,ESSO_services_not_
-4.43207,52.88523,"Pulrose Motor Services Ltd, Ala Road, Pwllheli >1758612827"
-4.38432,52.92461,"Dolwar Services, Fourcrosses, Pwllheli >1766810768"
-4.31422,53.24923,"Heron Services, Glanhwfa Road, Llangefni >1248724709"
-4.21611,53.28194,"Pentraeth Services, Benllech Road, Pentraeth >1248450011"
-4.14803,53.21063,"Bryn Llwyd Services, Caernarfon Road, Bangor >1248372265"
-4.06487,52.93183,"Park Road Garage - South, Park Road, Penrhyndeudraeth >1766770333"
-4.06412,52.93145,"Park Road Garage, Park Road, Penrhyndeudraeth >1766770333"
-3.862,52.74718,"Mile End Services, A470, Mile End, Gwynedd >1341422828"
-3.80129,53.28295,"Marineland Garage, Conwy Road, Llandudno Junction >1492581370"
-3.57874,54.54259,"Corkickle Services, Back Corkickle, Whitehaven >1946691638"
-3.57828,53.28394,"Slaters Of Abergele Ltd, Market Street, Abergele >1745828234"
-3.52731,54.48555,"East Road Services, East Road, Egremont >1946824501"
-3.52504,54.66114,"Seaton Services, Main Road, Workington >1900870457"
-2.84786,54.76098,ESSO_services_not_
-3.40177,52.05511,ESSO_services_not_
-3.37249,54.65433,"Oakhurst Services, Lamplugh Road, Cockermouth >1900823316"
-3.34155,53.34339,"Lobitos Discount Tyre Depot, Main Coast Road, Holywell >1745853996"
-3.32204,53.11529,"P C Evans & Son Dyffryn Services, Denbigh Road, Denbigh >1745890543"
-3.0972,54.17794,"Mountbarrow Services, Mount Barrow Road, Ulverston >1229584134"
-3.05441,54.23502,"Greenodd Services, New Road, Ulverston >1229861434"
-3.02933,53.02779,"Rhostyllen Services, Wrexham Road, Wrexham >1978290627"
-3.02265,53.20538,"Queensferry Services, Chester Road East, Queensferry >1244811513"
-3.0216,53.07864,"Parkwall Services, Mold Road, Wrexham >1978759020"
-2.96461,53.66244,"Churchtown Express, 2 Preston New Road, Southport >1704508683"
-2.94388,53.51342,"Maghull Self Serve, Northway, Liverpool >1515263585"
-2.92099,54.39479,"Troutbeck Bridge Services, Troutbeck Bridge, Windermere >1539446341"
-2.89754,53.74899,"J Townsend & Sons Services, Lytham Road, Preston >1772632238"
-2.88767,53.18345,"Handbridge Services, Queens Park Road, Chester >1244680158"
-2.85478,53.44999,"Knowsley Services, Knowsley Lane, Prescot"
-2.23741,54.76327,ESSO_services_not_
-2.84786,52.05511,ESSO_services_not_
-2.69928,52.05511,"Tupsley Express, Ledbury Road, Hereford >1432276613"
-2.84786,52.07757,"Nelson Services, A438, Hereford >1981590239"
-2.71637,52.17431,"Northside Services, Hereford Road, Leominster >1568614267"
-2.4118,52.53467,"Hermitage Services, 17 Cann Hall Road, Bridgnorth >1746763221"
-2.30973,52.67009,"Tong Services, Nr. Shifnal, Tong"
-2.73062,52.73833,"Harlescott Services, Harlescott Lane, Shrewsbury >1743440117"
-2.44748,53.05892,"Shavington Services, 416 Newcastle Road, Crewe >1270668080"
-2.60249,53.11989,"Wardle Services, Chester Road, Tarporley >1829260304"
-2.36648,53.29313,"Knutsford Services, Toft Road, Knutsford >1565633226"
-2.4172,53.31498,"Malthurst Tabley Hill, Tabley Hill Lane, Knutsford >739195411"
-2.57523,53.40643,"Orford Express, Orford Green, Warrington >1925787900"
-2.72897,53.42789,"Caldo Forecourts Limited, Elton Head Road, St. Helens >1744606727"
-2.27768,53.44561,"Chorlton Services, 84 Manchester Road, Manchester >1618812031"
-2.77349,53.46931,"Caldo Windle Services, East Lancashire Road, St Helens >174425332"
-2.23741,54.76211,ESSO_services_not_
-2.84786,53.4898,ESSO_services_not_
-2.33033,53.51769,"Pendlebury Express, 613 Bolton Road, Manchester >1619119100"
-2.38422,53.54249,"Parkview Services, 190 Bolton Road, Bolton >1204571279"
-2.50199,53.55154,"Mercury Servicess, Manchester Rd, Greater Manchester >1942811474"
-2.45312,53.57048,"Tesco Wigan Rd Bolton Express, Wigan Road, Haslam Park, Bolton >1204652740"
-2.63809,53.57173,"Boars Head Servicestation, 227 Wigan Road, Chorley Road, Lower Standish, Wigan >1257427926"
-2.31722,53.58953,"Bury Express, Bolton Road, Bury >1619109500"
-2.31671,53.65179,"Ramsbottom Services, Stubbins Lane, Bury >1706821911"
-2.79225,53.71026,"Suthers Star Garage, Liverpool Road, Preston >1772612281"
-2.45285,53.73983,"Shadsworth Self Serve, Shadsworth Road, Blackburn >1254693484"
-2.53684,53.78052,"Pennine Services, Longsight Road, Blackburn >1254812715"
-2.75068,53.86857,"Claughton Garage, 16 Garstang Road, Preston >1995640231"
-2.84373,54.06745,"Lancaster Road Services, 275 Lancaster Road, Morecambe >1524414263"
-2.75838,54.18515,"Mossdale Services, A6, Carnforth >1524781381"
-2.76019,54.6698,"Davidsons Garage Penrith, Scotland Road, Penrith >1768862456"
-2.23741,58.5994,ESSO_services_not_
-5.91162,54.76339,ESSO_services_not_
-3.91591,55.94611,ESSO_services_not_
-5.91162,54.76339,ESSO_services_not_
-4.96272,54.90159,"Inch Services, Castle Kennedy A75, Stranraer >1776702160"
-4.85373,55.24589,"Old Street Garage, Old Street, Girvan >1465712235"
-4.69212,55.65493,"Kilwinning Services, Glasgow Road, Kilwinning >1294553001"
-4.51086,55.6091,"Grange Filling Station, 58 Irvine Road, Kilmarnock >1563528314"
-4.48087,54.95169,"Wigtown Road Services, Wigtown Road, Newton Stewart >1671403157"
-4.37884,55.81114,"Barrhead Services, Glasgow Road, Barrhead >1418761234"
-4.31763,55.7809,"Sunningdale Services, Ayr Road, Glasgow >1416395767"
-4.30267,55.78101,"Castle Mearns Services, 172 Mearns Road, Glasgow >1416397878"
-4.26582,55.84865,"West Street Services, 156 West Street, Glasgow >1414294595"
-4.26347,55.45298,"Central Garage, 83 Glaisnock Street, Cumnock >1290421683"
-4.23237,55.89341,"Atlas Services, Springburn Road, Glasgow >1415571160"
-4.13439,55.84081,"Mount Vernon Services, 299 Mount Vernon Avenue, Glasgow >1417717342"
-3.96904,55.74288,"Old Cross Garage, 27 Drygate Street, Larkhall >1698882754"
-2.23741,55.94512,ESSO_services_not_
-3.91591,54.76339,ESSO_services_not_
-3.82301,54.93315,"Maxwell Arms Services, 7 Maxwell Street, Dalbeattie >1556611727"
-3.77126,55.6716,"Ladyacre Garage, 12 Ladyacre Road, Lanark >1555665025"
-3.68751,55.76591,"Central Garage, 64 Main Street, Lanark >1555811272"
-3.58746,55.09208,"Heathhall Services, Edinburgh Road, Dumfries >1387255684"
-3.44363,55.33111,"Benmar Garage, Churchgate, Moffat >1683220010"
-3.33281,54.76339,"Lr & Jr Allen, Market Square, Carlisle >1697320300"
-2.97328,55.00971,"Bridge Street Garage, Bridge Street, Carlisle >1228791174"
-2.94718,55.94235,"Co-Op Lothian & Borders, 141 High Street, Tranent >1875612127"
-2.87218,54.79796,"Southwaite North - M6 (155), Southwaite - North M6, Carlisle >1697473476"
-2.80581,55.61384,"Capital Motors, Albert Place, Galashiels >1896668660"
-2.76936,55.61102,"Melrose Services, 28 Melrose Road, Galashiels >1896759378"
-2.75772,55.72351,"Coop Lauder, Edinburgh Road, Lauder >1578722912"
-2.68093,55.63621,"Rhymers Tower Services, Melrose Road, Earlston >1896849326"
-2.25107,55.65222,"The Coldstream Garage, 87 High Street, Coldstream >1890882159"
-2.23741,58.59878,ESSO_services_not_
-5.91162,55.94622,ESSO_services_not_
-5.91162,57.24136,"Sutherlands Garage (Broadford) Ltd, Broadford, Isle Of Skye >1471822225"
-5.42998,56.03401,"Fyneside Services, Fyneside, Lochgilphead >1546602229"
-5.07619,56.83268,"Ben Services, North Road, Fort William >1397702706"
-4.74489,56.20132,"Mactavish Services, Main Street, Arrochar >1301702244"
-4.56858,55.9469,"Dumbarton Services, Townend Road, Dumbarton >1389764449"
-4.47508,57.32822,"Lewiston Garage, Borlum Bridge, Inverness >1456450212"
-4.46031,57.48291,"Bridgend Filling Station, Station Road, Beauly >1463782768"
-4.25301,57.48513,"Blackpark Filling Station, Clachnaharry Road, Inverness >1463233632"
-4.19873,57.48287,"Highlander Services, Millburn Road, Inverness >1463242122"
-4.19153,56.23709,"Dreadnought Garage, Stirling Road, Callander >1877330277"
-4.12495,57.06244,"Grants Services, Perth Road, Newtonmore >1479810232"
-3.98694,55.94964,"Cumbernauld Services, Central Way, Glasgow >1236730273"
-3.95749,55.99031,"Central Garage, Kilsyth Road, Bonnybridge >1324840253"
-3.92517,56.13677,"Sheriff Services, Causewayhead Road, Stirling >1786462988"
-3.60963,57.32922,"Grants Services, 39 Spey Avenue, Grantown-On-Spey"
-2.23741,58.59898,ESSO_services_not_
-3.53869,55.94622,ESSO_services_not_
-3.40904,56.47026,"Alastair Reid, Main Street, Perth"
-3.34543,56.11376,"Beath Services, 4 High Street, Cowdenbeath >1383512455"
-3.2958,57.64717,"Pinefield Services, East Road, Elgin >1343556417"
-3.13681,55.94622,"Edinburgh Express, 226 Willowbrae Road, Edinburgh >1314657100"
-2.99662,56.20286,"Lamberts Garage, Scoonie Road, Leven >1333423703"
-2.95791,57.66835,"Moravian Motors, High Street, Buckie >1542834242"
-2.88166,56.64359,"Co-Op Abbey Gate Filling Station, 3 Academy Street, Forfar >1307464055"
-2.84987,56.47124,"Brochtay Services, Dalhousie Road, Dundee >1382779010"
-2.7467,56.05525,"Dalrymple Services, Dirleton Road, North Berwick >1620895070"
-2.65938,56.73408,"Brechin Services, Clerk Street, Brechin >1356629357"
-2.54642,57.66744,"Victoria Filling Station, Boyndie Road, Banff >1261812217"
-2.46606,56.72347,"North Esk Services, Northesk Road (North), Montrose >1674678270"
-2.46511,56.7231,"Guthrie Bros (Craigo) Ltd, 10 North Esk Road, Montrose >1674673205"
-2.45951,57.53934,"Central Filling Station, Fife Street, Turriff >1888562367"
1.70215,58.59918,ESSO_services_not_
-2.23741,52.05511,ESSO_services_not_
-1.21725,53.09959,ESSO_services_not_
-2.23741,52.05511,ESSO_services_not_
-2.08769,52.10864,"Coxs Cars Ltd, 33 Three Springs Road, Pershore"
-1.46553,52.18362,"Gaydon Otr Services, Banbury Road, Warwick >1926691281"
-2.20358,52.18448,"Worcester Express, London Road, Worcester >1905687700"
-1.87431,52.21282,"Ross Motors (Alcester) Ltd, Evesham Road, Alcester >1789764491"
-2.15352,52.26108,"Droitwich Services, 130 Worcester Road, Droitwich >1905795032"
-2.04748,52.35026,"The Forest Services, 258 Birmingham Road, Bromsgrove >1527570142"
-1.75123,52.38154,"Widney Services, Widney Road, Solihull >1564778717"
-1.81102,52.44216,"Olton Express, 11 Warwick Road, Solihull >1214809400"
-2.14052,52.4492,"Old Swinford Express, 127 Hagley Road, Stourbridge >1384557200"
-1.91262,52.48202,"Convention Link Services, The Parade, Birmingham >1212364100"
-2.17051,52.50078,"Kingswinford Express, Moss Grove, Dudley >1384557100"
-1.44012,52.50153,"Stoneycroft Services, Lutterworth Road, Nuneaton >2476384113"
-2.0994,52.51744,"Dudley Express, Highland Road, Dudley >1384557500"
-1.82793,52.53388,"Erdington Express, 125 Sutton Road, Birmingham >1212527800"
-1.21725,53.09964,ESSO_services_not_
-2.23741,52.55984,ESSO_services_not_
-2.16727,52.57056,"Merry Hill Services, Coalway Road, Wolverhampton >1902621569"
-1.80245,52.57102,"Whitehouse Common Express, Whitehouse Common Road, Sutton Coldfield >1213785673"
-2.03457,52.58713,"County Bridge Services, Wolverhampton Road West, Wolverhampton >1902605734"
-1.6825,52.60095,"Alldays Dosthill Services, High Street, Tamworth >1827262298"
-2.06174,52.60795,"Wednesfield Express, Lichfield Road, Wolverhampton >1902437200"
-2.04519,52.60954,"Tesco Willenhall Birmingham Express, 68 Lichfield Rd, Willenhall, Birmingham >1922491308"
-2.10056,52.61172,"Bushbury Express, 729 Cannock Road, Wolverhampton >1902437600"
-2.18964,52.62564,"Birches Bridge Services, 141 Wolverhampton Road, Wolverhampton >1902847242"
-1.68841,52.63211,"Catalyst Automotive Ltd, Bolebridge Street, Tamworth >1827305924"
-2.01615,52.66712,"Great Wyrley Express, Walsall Road, Walsall >1922777800"
-2.11371,52.80281,"Stafford Express, Wolverhampton Road, Stafford >1785352400"
-1.44453,52.87803,"Welcome Services, Chellaston Road, Derby >1332702351"
-2.13046,52.8932,"Fairway Services, Lichfield Road, Stone >1785812548"
-1.43991,52.92505,"Chaddesden Express, 483 Nottingham Road, Derby >1332719400"
1.70215,53.10169,ESSO_services_not_
-1.21725,52.05511,ESSO_services_not_
-1.21725,52.92829,"Willoughby Garage, Wollaton Road, Nottingham >1159258282"
-1.1753,52.97996,"Basford Express, 544 Valley Road, Nottingham >1159807600"
-1.15787,52.25022,"Junction Services, London Road, Daventry >1327300532"
-1.15307,52.6383,"Leicester Express, Fosse Road North, Leicester >1162067300"
-1.14261,52.89559,"Ruddington Services, 130 Loughborough Road, Nottingham"
-1.09366,52.44654,"F Howkins & Son Services, Lutterworth Road, Lutterworth >1858880208"
-0.87061,52.24497,"Abington Express, 348 Wellingborough Road, Northampton >1604446899"
-0.71221,52.40065,"Ridgeclose Services, 92 Windmill Avenue, Kettering >1536513394"
-0.61061,52.80464,"Jubilee Garage, The Bypass, Grantham >1476860244"
-0.60035,52.73241,"Ram Jam Services, Great North Road, Oakham >1780410398"
-0.37721,52.77064,"Bourne Express, North Street, Bourne >1778314500"
-0.34158,52.34132,"Spaldwick Services, High Street, Huntingdon >1480896788"
-0.2412,52.59638,"Peterborough Express, 7 Welland Road, Peterborough >1733419400"
-0.18779,52.61259,"Eye Green Service Area, Crowland Road, Peterborough >1733222860"
1.70215,53.10155,ESSO_services_not_
-0.02926,52.05511,ESSO_services_not_
0.25193,52.39341,"Borlands Services, Cambridge Road, Ely"
0.41513,52.73,"West Winch Services, West Winch Road, Kings Lynn >1553761424"
0.72784,52.23447,"Southgate Green Services, 3 Sicklesmere Road, Bury St Edmunds >1284750946"
0.74254,52.42382,"Fison Way Self Serve, Mundford Road, Thetford >1842766727"
0.81686,52.57145,"Watton Service Centre, Brandon Road, Thetford >1953881242"
0.86637,52.25325,"Norton Services, Woolpit Road, Bury St Edmunds >1359230097"
0.95108,52.47311,"Snetterton Services, Snetterton, Norwich >1953887339"
1.01483,52.51684,"Aline Garage, Exchange Street, Attleborough >1953455434"
1.1237,52.57521,"Abbeygate Services, Norwich Road, Wymondham >1953602000"
1.20291,52.94202,"Sheringham Services, 16 Weybourne Road, Sheringham >1263822554"
1.29562,52.39879,"Harleston Services, 50 London Road, Harleston >1379854721"
1.32504,52.1003,"R C Edmondson (Woodbridge) Ltd, Melton Road, Woodbridge >1394383456"
1.5652,52.20799,"Waterloo Avenue Services, Waterloo Avenue, Leiston >1728830783"
1.70215,52.46733,"Oulton Broad Express, Beccles Road, Lowestoft >1502586891"
1.70215,58.59853,ESSO_services_not_
-2.23741,53.10156,ESSO_services_not_
-1.55379,53.92332,ESSO_services_not_
-2.23741,53.10156,ESSO_services_not_
-2.22558,53.80947,"Burnley Express, Casterton Avenue, Burnley >1282667500"
-2.22266,53.46177,"Rusholme Express, 257 Upper Brook Street, Manchester >1612550400"
-2.21582,53.59354,"Heywood Express, York Street, Heywood >1706625026"
-2.1645,53.35513,"Tesco Express Bramhall, Woodford Road, Stockport >1614396927"
-2.12823,53.25965,"Macclesfield Services, Churchill Way, Macclesfield >1625433102"
-2.12092,53.55638,"Longside Services, Oldham Road, Royton >1616270570"
-2.00968,53.10156,"Poplar Services, Ashbourne Road, Leek >1538382182"
-1.98884,53.90379,"Crosshills Services, Station Road, Keighley >1535630931"
-1.83349,53.68316,"Elland Services, 83 Huddersfield Road, Elland >1422370208"
-1.76218,53.76892,"Adelaide Services, Manchester Road, Bradford >1274724770"
-1.68288,53.7289,"Gomersal Services, Oxford Road, Cleckheaton >1274851130"
-1.65529,53.67985,"Ravensthorpe Services, Huddersfield Road, Dewsbury >1924461300"
-1.65461,53.70709,"Halifax Road Garage, Halifax Road, Batley >1924402395"
1.70215,53.92213,ESSO_services_not_
-1.55379,53.10156,ESSO_services_not_
-1.54522,53.83147,"Scott Hall Services, Scott Hall Road, Leeds >1132682539"
-1.54348,53.72165,"Ardsley Services, Bradford Road, Wakefield >1924823192"
-1.53033,53.36713,"Fulwood Express, Fulwood Road, Sheffield >1142609200"
-1.46941,53.46188,"Chapeltown Express, Burncross Road, Sheffield >1142607200"
-1.42892,53.25013,"Chesterfield Express, Newbold Road, Chesterfield >1246346400"
-1.36475,53.40913,"Brinsworth Services, Bawtry Road, Rotherham >1709376964"
-1.34267,53.32775,"Halfway Garage Services, Station Road, Sheffield >1142477198"
-1.31015,53.41802,"Rotherham Express, 17 East Bawtry Road, Rotherham >1709533920"
-1.24599,53.10438,"Kirby Services, Lowmoor Road, Nottingham >1623752796"
-1.19005,53.12496,"Dukeries Services, 377 Nottingham Road, Mansfield >1623651700"
-0.43349,53.75364,"Kirk Ella Express, Kingston Road, Hull >1482337831"
-0.35164,53.76339,"Pace Mayfair Services, 345-351 Beverley Road, Kingston Upon Hull >1432346411"
-0.05143,53.57027,"Grimsby Road Services, 79/95 Grimsby Road, Cleethorpes >1472343501"
0,53.36308,"Newmarket Services, 65 Newmarket, Louth >1507604592"
1.70215,58.60084,ESSO_services_not_
-2.23741,53.92178,ESSO_services_not_
-2.18332,53.92178,"Strand Services, Skipton Road, Colne >1282813408"
-0.83695,53.93247,"York Road Garage, York Road, York >1759303172"
-0.44012,53.99881,"Armstrong Massey Ltd, Beverley Road, Driffield >1377253601"
-1.45052,54.00225,"Manse Services, 29 Wetherby Road, Knaresborough >1423868363"
-1.52659,54.12097,"Quarry Moor Services, Harrogate Road, Ripon >1765602798"
-1.33858,54.23312,"Bridge Garage, 6 Ingramgate, Thirsk >1845522243"
-0.48134,54.25012,"Manor Garage, Main Street, Scarborough >1723863146"
-0.42189,54.30086,"Scalby Mills Services, Burniston Road, Scarborough >1723361580"
-1.43191,54.34843,"Stonecross Services, Northallerton Road, Northallerton >1609783636"
-0.6219,54.48699,"George Harrison (Whitby) Ltd, 6 Upgang Lane, Whitby >1947600800"
-1.29853,54.50896,"High Leven Services, Low Lane, Yarm >1642760355"
-1.24209,54.53251,"Tesco Acklam Rd Express, Acklam Road, Acklam, Middlesborough >1642597506"
-1.34345,54.53473,"Eagle Services, Yarm Road, Stockton-On-Tees >1642648002"
-1.23082,54.56729,"Parklane Garage, 132 Park Lane, Middlesbrough >1642225428"
-1.36416,54.57059,"Fairfield Services, Bishopton Road West, Stockton-On-Tees >1642583337"
1.70215,58.60003,ESSO_services_not_
-2.23741,54.59889,ESSO_services_not_
-1.71676,54.71226,"Helmington Services, Helmington Row, Crook >1388762148"
-1.34488,54.77123,"Acre Rigg Filling Station, Essington Way, Peterlee >1915870004"
-1.44024,54.8709,"Silksworth Road Express, Silksworth Road, Sunderland >1915200858"
-1.45158,54.94289,"Bank Top Garage, Addison Road, East Boldon >1915362726"
-1.67083,54.94534,"Whickham Services, 6 Front Street, Newcastle Upon Tyne >1914880724"
-1.89754,54.94685,"Branch End Services, Main Road, Stocksfield >1661842124"
-2.09484,54.97208,"Hexham Services, Station Road, Hexham >1434601610"
-1.45155,54.97521,"Simonside Services, Newcastle Road, South Shields >1914567137"
-1.66102,54.97664,"Newcastle West Express, 101 West Road, Newcastle Upon Tyne >1912191400"
-1.57862,55.00729,"Newcastle Benton Express, Benton Road, Newcastle Upon Tyne >1912000400"
-1.46828,55.01573,"North Shields Express, Beach Road, North Shields >1912191500"
-1.528,55.13163,"Blyth Services, Cowpen Road, Blyth >1670352664"
-2.23741,57.14699,"Five Mile Garage, Skene Road, Aberdeen >1224741212"
-2.14523,57.17221,"Malthurst Anderson Drive, 565 North Anderson Drive, Aberdeen"
